id,name_ja,name_en,generation,effect_en
1,あくしゅう,stench,第三世代,Has a 10% chance of making target Pokémon flinch with each hit.
2,あめふらし,drizzle,第三世代,Summons rain that lasts indefinitely upon entering battle.
3,かそく,speed-boost,第三世代,Raises Speed one stage after each turn.
4,カブトアーマー,battle-armor,第三世代,Protects against critical hits.
5,がんじょう,sturdy,第三世代,"Prevents being KOed from full HP, leaving 1 HP instead.  Protects against the one-hit KO moves regardless of HP."
6,しめりけ,damp,第三世代,"Prevents Self-Destruct, Explosion, and Aftermath from working while the Pokémon is in battle."
7,じゅうなん,limber,第三世代,Prevents paralysis.
8,すながくれ,sand-veil,第三世代,Increases evasion to 1.25× during a sandstorm.  Protects against sandstorm damage.
9,せいでんき,static,第三世代,Has a 30% chance of paralyzing attacking Pokémon on contact.
10,ちくでん,volt-absorb,第三世代,"Absorbs Electric moves, healing for 1/4 max HP."
11,ちょすい,water-absorb,第三世代,"Absorbs Water moves, healing for 1/4 max HP."
12,どんかん,oblivious,第三世代,Prevents infatuation and protects against Captivate.
13,ノーてんき,cloud-nine,第三世代,"Negates all effects of weather, but does not prevent the weather itself."
14,ふくがん,compound-eyes,第三世代,Increases moves' accuracy to 1.3×.
15,ふみん,insomnia,第三世代,Prevents sleep.
16,へんしょく,color-change,第三世代,Changes type to match when hit by a damaging move.
17,めんえき,immunity,第三世代,Prevents poison.
18,もらいび,flash-fire,第三世代,"Protects against Fire moves.  Once one has been blocked, the Pokémon's own Fire moves inflict 1.5× damage until it leaves battle."
19,りんぷん,shield-dust,第三世代,Protects against incoming moves' extra effects.
20,マイペース,own-tempo,第三世代,Prevents confusion.
21,きゅうばん,suction-cups,第三世代,Prevents being forced out of battle by other Pokémon's moves.
22,いかく,intimidate,第三世代,Lowers opponents' Attack one stage upon entering battle.
23,かげふみ,shadow-tag,第三世代,Prevents opponents from fleeing or switching out.
24,さめはだ,rough-skin,第三世代,Damages attacking Pokémon for 1/8 their max HP on contact.
25,ふしぎなまもり,wonder-guard,第三世代,Protects against damaging moves that are not super effective.
26,ふゆう,levitate,第三世代,Evades Ground moves.
27,ほうし,effect-spore,第三世代,"Has a 30% chance of inflcting either paralysis, poison, or sleep on attacking Pokémon on contact."
28,シンクロ,synchronize,第三世代,"Copies burns, paralysis, and poison received onto the Pokémon that inflicted them."
29,クリアボディ,clear-body,第三世代,Prevents stats from being lowered by other Pokémon.
30,しぜんかいふく,natural-cure,第三世代,Cures any major status ailment upon switching out.
31,ひらいしん,lightning-rod,第三世代,"Redirects single-target Electric moves to this Pokémon where possible.  Absorbs Electric moves, raising Special Attack one stage."
32,てんのめぐみ,serene-grace,第三世代,Doubles the chance of moves' extra effects occurring.
33,すいすい,swift-swim,第三世代,Doubles Speed during rain.
34,ようりょくそ,chlorophyll,第三世代,Doubles Speed during strong sunlight.
35,はっこう,illuminate,第三世代,Doubles the wild encounter rate.
36,トレース,trace,第三世代,Copies an opponent's ability upon entering battle.
37,ちからもち,huge-power,第三世代,Doubles Attack in battle.
38,どくのトゲ,poison-point,第三世代,Has a 30% chance of poisoning attacking Pokémon on contact.
39,せいしんりょく,inner-focus,第三世代,Prevents flinching.
40,マグマのよろい,magma-armor,第三世代,Prevents freezing.
41,みずのベール,water-veil,第三世代,Prevents burns.
42,じりょく,magnet-pull,第三世代,Prevents Steel opponents from fleeing or switching out.
43,ぼうおん,soundproof,第三世代,Protects against sound-based moves.
44,あめうけざら,rain-dish,第三世代,Heals for 1/16 max HP after each turn during rain.
45,すなおこし,sand-stream,第三世代,Summons a sandstorm that lasts indefinitely upon entering battle.
46,プレッシャー,pressure,第三世代,Increases the PP cost of moves targetting the Pokémon by one.
47,あついしぼう,thick-fat,第三世代,Halves damage from Fire and Ice moves.
48,はやおき,early-bird,第三世代,Makes sleep pass twice as quickly.
49,ほのおのからだ,flame-body,第三世代,Has a 30% chance of burning attacking Pokémon on contact.
50,にげあし,run-away,第三世代,Ensures success fleeing from wild battles.
51,するどいめ,keen-eye,第三世代,Prevents accuracy from being lowered.
52,かいりきバサミ,hyper-cutter,第三世代,Prevents Attack from being lowered by other Pokémon.
53,ものひろい,pickup,第三世代,Picks up other Pokémon's used and Flung held items.  May also pick up an item after battle.
54,なまけ,truant,第三世代,Skips every second turn.
55,はりきり,hustle,第三世代,"Strengthens physical moves to inflict 1.5× damage, but decreases their accuracy to 0.8×."
56,メロメロボディ,cute-charm,第三世代,Has a 30% chance of infatuating attacking Pokémon on contact.
57,プラス,plus,第三世代,Increases Special Attack to 1.5× when a friendly Pokémon has Plus or Minus.
58,マイナス,minus,第三世代,Increases Special Attack to 1.5× when a friendly Pokémon has Plus or Minus.
59,てんきや,forecast,第三世代,Changes Castform's type and form to match the weather.
60,ねんちゃく,sticky-hold,第三世代,Prevents a held item from being removed by other Pokémon.
61,だっぴ,shed-skin,第三世代,Has a 33% chance of curing any major status ailment after each turn.
62,こんじょう,guts,第三世代,Increases Attack to 1.5× with a major status ailment.
63,ふしぎなうろこ,marvel-scale,第三世代,Increases Defense to 1.5× with a major status ailment.
64,ヘドロえき,liquid-ooze,第三世代,Damages opponents using leeching moves for as much as they would heal.
65,しんりょく,overgrow,第三世代,Strengthens Grass moves to inflict 1.5× damage at 1/3 max HP or less.
66,もうか,blaze,第三世代,Strengthens Fire moves to inflict 1.5× damage at 1/3 max HP or less.
67,げきりゅう,torrent,第三世代,Strengthens Water moves to inflict 1.5× damage at 1/3 max HP or less.
68,むしのしらせ,swarm,第三世代,Strengthens Bug moves to inflict 1.5× damage at 1/3 max HP or less.
69,いしあたま,rock-head,第三世代,Protects against recoil damage.
70,ひでり,drought,第三世代,Summons strong sunlight that lasts indefinitely upon entering battle.
71,ありじごく,arena-trap,第三世代,Prevents opponents from fleeing or switching out.  Eluded by Flying-types and Pokémon in the air.
72,やるき,vital-spirit,第三世代,Prevents sleep.
73,しろいけむり,white-smoke,第三世代,Prevents stats from being lowered by other Pokémon.
74,ヨガパワー,pure-power,第三世代,Doubles Attack in battle.
75,シェルアーマー,shell-armor,第三世代,Protects against critical hits.
76,エアロック,air-lock,第三世代,"Negates all effects of weather, but does not prevent the weather itself."
77,ちどりあし,tangled-feet,第四世代,Doubles evasion when confused.
78,でんきエンジン,motor-drive,第四世代,"Absorbs Electric moves, raising Speed one stage."
79,とうそうしん,rivalry,第四世代,"Increases damage inflicted to 1.25× against Pokémon of the same gender, but decreases damage to 0.75× against the opposite gender."
80,ふくつのこころ,steadfast,第四世代,Raises Speed one stage upon flinching.
81,ゆきがくれ,snow-cloak,第四世代,Increases evasion to 1.25× during hail.  Protects against hail damage.
82,くいしんぼう,gluttony,第四世代,Makes the Pokémon eat any held Berry triggered by low HP below 1/2 its max HP.
83,いかりのつぼ,anger-point,第四世代,Raises Attack to the maximum of six stages upon receiving a critical hit.
84,かるわざ,unburden,第四世代,Doubles Speed upon using or losing a held item.
85,たいねつ,heatproof,第四世代,Halves damage from Fire moves and burns.
86,たんじゅん,simple,第四世代,Doubles the Pokémon's stat modifiers.  These doubled modifiers are still capped at -6 or 6 stages.
87,かんそうはだ,dry-skin,第四世代,"Causes 1/8 max HP in damage each turn during strong sunlight, but heals for 1/8 max HP during rain.  Increases damage from Fire moves to 1.25×, but absorbs Water moves, healing for 1/4 max HP."
88,ダウンロード,download,第四世代,Raises the attack stat corresponding to the opponents' weaker defense one stage upon entering battle.
89,てつのこぶし,iron-fist,第四世代,Strengthens punch-based moves to 1.2× their power.
90,ポイズンヒール,poison-heal,第四世代,Heals for 1/8 max HP after each turn when poisoned in place of damage.
91,てきおうりょく,adaptability,第四世代,Increases the same-type attack bonus from 1.5× to 2×.
92,スキルリンク,skill-link,第四世代,Extends two-to-five-hit moves and Triple Kick to their full length every time.
93,うるおいボディ,hydration,第四世代,Cures any major status ailment after each turn during rain.
94,サンパワー,solar-power,第四世代,Increases Special Attack to 1.5× but costs 1/8 max HP after each turn during strong sunlight.
95,はやあし,quick-feet,第四世代,Increases Speed to 1.5× with a major status ailment.
96,ノーマルスキン,normalize,第四世代,Makes the Pokémon's moves all act Normal-type.
97,スナイパー,sniper,第四世代,Strengthens critical hits to inflict 3× damage rather than 2×.
98,マジックガード,magic-guard,第四世代,Protects against damage not directly caused by a move.
99,ノーガード,no-guard,第四世代,Ensures all moves used by and against the Pokémon hit.
100,あとだし,stall,第四世代,Makes the Pokémon move last within its move's priority bracket.
101,テクニシャン,technician,第四世代,Strengthens moves of 60 base power or less to 1.5× their power.
102,リーフガード,leaf-guard,第四世代,Protects against major status ailments during strong sunlight.
103,ぶきよう,klutz,第四世代,Prevents the Pokémon from using its held item in battle.
104,かたやぶり,mold-breaker,第四世代,Bypasses targets' abilities if they could hinder or prevent a move.
105,きょううん,super-luck,第四世代,Raises moves' critical hit rates one stage.
106,ゆうばく,aftermath,第四世代,Damages the attacker for 1/4 its max HP when knocked out by a contact move.
107,きけんよち,anticipation,第四世代,"Notifies all trainers upon entering battle if an opponent has a super-effective move, Self-Destruct, Explosion, or a one-hit KO move."
108,よちむ,forewarn,第四世代,Reveals the opponents' strongest move upon entering battle.
109,てんねん,unaware,第四世代,Ignores other Pokémon's stat modifiers for damage and accuracy calculation.
110,いろめがね,tinted-lens,第四世代,Doubles damage inflicted with not-very-effective moves.
111,フィルター,filter,第四世代,Decreases damage taken from super-effective moves by 1/4.
112,スロースタート,slow-start,第四世代,Halves Attack and Speed for five turns upon entering battle.
113,きもったま,scrappy,第四世代,Lets the Pokémon's Normal and Fighting moves hit Ghost Pokémon.
114,よびみず,storm-drain,第四世代,"Redirects single-target Water moves to this Pokémon where possible.  Absorbs Water moves, raising Special Attack one stage."
115,アイスボディ,ice-body,第四世代,Heals for 1/16 max HP after each turn during hail.  Protects against hail damage.
116,ハードロック,solid-rock,第四世代,Decreases damage taken from super-effective moves by 1/4.
117,ゆきふらし,snow-warning,第四世代,Summons hail that lasts indefinitely upon entering battle.
118,みつあつめ,honey-gather,第四世代,The Pokémon may pick up Honey after battle.
119,おみとおし,frisk,第四世代,Reveals an opponent's held item upon entering battle.
120,すてみ,reckless,第四世代,Strengthens recoil moves to 1.2× their power.
121,マルチタイプ,multitype,第四世代,Changes Arceus's type and form to match its held Plate.
122,フラワーギフト,flower-gift,第四世代,Increases friendly Pokémon's Attack and Special Defense to 1.5× during strong sunlight.
123,ナイトメア,bad-dreams,第四世代,Damages sleeping opponents for 1/8 their max HP after each turn.
124,わるいてぐせ,pickpocket,第五世代,Steals attacking Pokémon's held items on contact.
125,ちからずく,sheer-force,第五世代,"Strengthens moves with extra effects to 1.3× their power, but prevents their extra effects."
126,あまのじゃく,contrary,第五世代,Inverts stat changes.
127,きんちょうかん,unnerve,第五世代,Prevents opposing Pokémon from eating held Berries.
128,まけんき,defiant,第五世代,Raises Attack two stages upon having any stat lowered.
129,よわき,defeatist,第五世代,Halves Attack and Special Attack at 50% max HP or less.
130,のろわれボディ,cursed-body,第五世代,Has a 30% chance of Disabling any move that hits the Pokémon.
131,いやしのこころ,healer,第五世代,Has a 30% chance of curing each adjacent ally of any major status ailment after each turn.
132,フレンドガード,friend-guard,第五世代,Decreases all direct damage taken by friendly Pokémon to 0.75×.
133,くだけるよろい,weak-armor,第五世代,Raises Speed and lowers Defense by one stage each upon being hit by a physical move.
134,ヘヴィメタル,heavy-metal,第五世代,Doubles the Pokémon's weight.
135,ライトメタル,light-metal,第五世代,Halves the Pokémon's weight.
136,マルチスケイル,multiscale,第五世代,Halves damage taken from full HP.
137,どくぼうそう,toxic-boost,第五世代,Increases Attack to 1.5× when poisoned.
138,ねつぼうそう,flare-boost,第五世代,Increases Special Attack to 1.5× when burned.
139,しゅうかく,harvest,第五世代,Has a 50% chance of restoring a used Berry after each turn if the Pokémon has held no items in the meantime.
140,テレパシー,telepathy,第五世代,Protects against friendly Pokémon's damaging moves.
141,ムラっけ,moody,第五世代,Raises a random stat two stages and lowers another one stage after each turn.
142,ぼうじん,overcoat,第五世代,Protects against damage from weather.
143,どくしゅ,poison-touch,第五世代,Has a 30% chance of poisoning target Pokémon upon contact.
144,さいせいりょく,regenerator,第五世代,Heals for 1/3 max HP upon switching out.
145,はとむね,big-pecks,第五世代,Protects against Defense drops.
146,すなかき,sand-rush,第五世代,Doubles Speed during a sandstorm.  Protects against sandstorm damage.
147,ミラクルスキン,wonder-skin,第五世代,Lowers incoming non-damaging moves' base accuracy to exactly 50%.
148,アナライズ,analytic,第五世代,Strengthens moves to 1.3× their power when moving last.
149,イリュージョン,illusion,第五世代,Takes the appearance of the last conscious party Pokémon upon being sent out until hit by a damaging move.
150,かわりもの,imposter,第五世代,Transforms upon entering battle.
151,すりぬけ,infiltrator,第五世代,"Bypasses Light Screen, Reflect, and Safeguard."
152,ミイラ,mummy,第五世代,Changes attacking Pokémon's abilities to Mummy on contact.
153,じしんかじょう,moxie,第五世代,Raises Attack one stage upon KOing a Pokémon.
154,せいぎのこころ,justified,第五世代,Raises Attack one stage upon taking damage from a Dark move.
155,びびり,rattled,第五世代,"Raises Speed one stage upon being hit by a Dark, Ghost, or Bug move."
156,マジックミラー,magic-bounce,第五世代,Reflects most non-damaging moves back at their user.
157,そうしょく,sap-sipper,第五世代,"Absorbs Grass moves, raising Attack one stage."
158,いたずらごころ,prankster,第五世代,Raises non-damaging moves' priority by one stage.
159,すなのちから,sand-force,第五世代,"Strengthens Rock, Ground, and Steel moves to 1.3× their power during a sandstorm.  Protects against sandstorm damage."
160,てつのトゲ,iron-barbs,第五世代,Damages attacking Pokémon for 1/8 their max HP on contact.
161,ダルマモード,zen-mode,第五世代,"Changes Darmanitan's form after each turn depending on its HP: Zen Mode below 50% max HP, and Standard Mode otherwise."
162,しょうりのほし,victory-star,第五世代,Increases moves' accuracy to 1.1× for friendly Pokémon.
163,ターボブレイズ,turboblaze,第五世代,Bypasses targets' abilities if they could hinder or prevent moves.
164,テラボルテージ,teravolt,第五世代,Bypasses targets' abilities if they could hinder or prevent moves.
165,アロマベール,aroma-veil,第六世代,Protects allies against moves that affect their mental state.
166,フラワーベール,flower-veil,第六世代,Protects friendly Grass Pokémon from having their stats lowered by other Pokémon.
167,ほおぶくろ,cheek-pouch,第六世代,"Restores HP upon eating a Berry, in addition to the Berry's effect."
168,へんげんじざい,protean,第六世代,Changes the bearer's type to match each move it uses.
169,ファーコート,fur-coat,第六世代,Halves damage from physical attacks.
170,マジシャン,magician,第六世代,Steals the target's held item when the bearer uses a damaging move.
171,ぼうだん,bulletproof,第六世代,"Protects against bullet, ball, and bomb-based moves."
172,かちき,competitive,第六世代,Raises Special Attack by two stages upon having any stat lowered.
173,がんじょうあご,strong-jaw,第六世代,Strengthens biting moves to 1.5× their power.
174,フリーズスキン,refrigerate,第六世代,Turns the bearer's Normal moves into Ice moves and strengthens them to 1.3× their power.
175,スイートベール,sweet-veil,第六世代,Prevents friendly Pokémon from sleeping.
176,バトルスイッチ,stance-change,第六世代,"Changes Aegislash to Blade Forme before using a damaging move, or Shield Forme before using King’s Shield."
177,はやてのつばさ,gale-wings,第六世代,Raises Flying moves' priority by one stage.
178,メガランチャー,mega-launcher,第六世代,Strengthens aura and pulse moves to 1.5× their power.
179,くさのけがわ,grass-pelt,第六世代,Boosts Defense while Grassy Terrain is in effect.
180,きょうせい,symbiosis,第六世代,Passes the bearer's held item to an ally when the ally uses up its item.
181,かたいツメ,tough-claws,第六世代,Strengthens moves that make contact to 1.33× their power.
182,フェアリースキン,pixilate,第六世代,Turns the bearer's Normal moves into Fairy moves and strengthens them to 1.3× their power.
183,ぬめぬめ,gooey,第六世代,Lowers attacking Pokémon's Speed by one stage on contact.
184,スカイスキン,aerilate,第六世代,Turns the bearer's Normal moves into Flying moves and strengthens them to 1.3× their power.
185,おやこあい,parental-bond,第六世代,Lets the bearer hit twice with damaging moves.  The second hit has half power.
186,ダークオーラ,dark-aura,第六世代,Strengthens Dark moves to 1.33× their power for all friendly and opposing Pokémon.
187,フェアリーオーラ,fairy-aura,第六世代,Strengthens Fairy moves to 1.33× their power for all friendly and opposing Pokémon.
188,オーラブレイク,aura-break,第六世代,Makes Dark Aura and Fairy Aura weaken moves of their respective types.
189,はじまりのうみ,primordial-sea,第六世代,"Creates heavy rain, which has all the properties of Rain Dance, cannot be replaced, and causes damaging Fire moves to fail."
190,おわりのだいち,desolate-land,第六世代,"Creates extremely harsh sunlight, which has all the properties of Sunny Day, cannot be replaced, and causes damaging Water moves to fail."
191,デルタストリーム,delta-stream,第六世代,"Creates a mysterious air current, which cannot be replaced and causes moves to never be super effective against Flying Pokémon."
192,じきゅうりょく,stamina,第七世代,Raises this Pokémon's Defense by one stage when it takes damage from a move.
193,にげごし,wimp-out,第七世代,This Pokémon automatically switches out when its HP drops below half.
194,ききかいひ,emergency-exit,第七世代,This Pokémon automatically switches out when its HP drops below half.
195,みずがため,water-compaction,第七世代,Raises this Pokémon's Defense by two stages when it's hit by a Water move.
196,ひとでなし,merciless,第七世代,This Pokémon's moves critical hit against poisoned targets.
197,リミットシールド,shields-down,第七世代,Transforms this Minior between Core Form and Meteor Form.  Prevents major status ailments and drowsiness while in Meteor Form.
198,はりこみ,stakeout,第七世代,This Pokémon's moves have double power against Pokémon that switched in this turn.
199,すいほう,water-bubble,第七世代,"Halves damage from Fire moves, doubles damage of Water moves, and prevents burns."
200,はがねつかい,steelworker,第七世代,This Pokémon's Steel moves have 1.5× power.
201,ぎゃくじょう,berserk,第七世代,Raises this Pokémon's Special Attack by one stage every time its HP drops below half.
202,ゆきかき,slush-rush,第七世代,"During Hail, this Pokémon has double Speed."
203,えんかく,long-reach,第七世代,This Pokémon's moves do not make contact.
204,うるおいボイス,liquid-voice,第七世代,Sound-based moves become Water-type.
205,ヒーリングシフト,triage,第七世代,This Pokémon's healing moves have their priority increased by 3.
206,エレキスキン,galvanize,第七世代,This Pokémon's Normal moves are Electric and have their power increased to 1.2×.
207,サーフテール,surge-surfer,第七世代,Doubles this Pokémon's Speed on Electric Terrain.
208,ぎょぐん,schooling,第七世代,Wishiwashi becomes Schooling Form when its HP is 25% or higher.
209,ばけのかわ,disguise,第七世代,Prevents the first instance of battle damage.
210,きずなへんげ,battle-bond,第七世代,Transforms this Pokémon into Ash-Greninja after fainting an opponent.  Water Shuriken's power is 20 and always hits three times.
211,スワームチェンジ,power-construct,第七世代,Transforms 10% or 50% Zygarde into Complete Forme when its HP is below 50%.
212,ふしょく,corrosion,第七世代,This Pokémon can inflict poison on Poison and Steel Pokémon.
213,ぜったいねむり,comatose,第七世代,This Pokémon always  acts as though it were Asleep.
214,じょおうのいげん,queenly-majesty,第七世代,Opposing Pokémon cannot use priority attacks.
215,とびだすなかみ,innards-out,第七世代,"When this Pokémon faints from an opponent's move, that opponent takes damage equal to the HP this Pokémon had remaining."
216,おどりこ,dancer,第七世代,"Whenever another Pokémon uses a dance move, this Pokémon will use the same move immediately afterwards."
217,バッテリー,battery,第七世代,Ally Pokémon's moves have their power increased to 1.3×.
218,もふもふ,fluffy,第七世代,Damage from contact moves is halved.  Damage from Fire moves is doubled.
219,ビビッドボディ,dazzling,第七世代,Opposing Pokémon cannot use priority attacks.
220,ソウルハート,soul-heart,第七世代,This Pokémon's Special Attack rises by one stage every time any Pokémon faints.
221,カーリーヘアー,tangling-hair,第七世代,"When this Pokémon takes regular damage from a contact move, the attacking Pokémon's Speed lowers by one stage."
222,レシーバー,receiver,第七世代,"When an ally faints, this Pokémon gains its Ability."
223,かがくのちから,power-of-alchemy,第七世代,"When an ally faints, this Pokémon gains its Ability."
224,ビーストブースト,beast-boost,第七世代,Raises this Pokémon's highest stat by one stage when it faints another Pokémon.
225,ＡＲシステム,rks-system,第七世代,Changes this Pokémon's type to match its held Memory.
226,エレキメイカー,electric-surge,第七世代,"When this Pokémon enters battle, it changes the terrain to Electric Terrain."
227,サイコメイカー,psychic-surge,第七世代,"When this Pokémon enters battle, it changes the terrain to Psychic Terrain."
228,ミストメイカー,misty-surge,第七世代,"When this Pokémon enters battle, it changes the terrain to Misty Terrain."
229,グラスメイカー,grassy-surge,第七世代,"When this Pokémon enters battle, it changes the terrain to Grassy Terrain."
230,メタルプロテクト,full-metal-body,第七世代,Other Pokémon cannot lower this Pokémon's stats.
231,ファントムガード,shadow-shield,第七世代,"When this Pokémon has full HP, regular damage from moves is halved."
232,プリズムアーマー,prism-armor,第七世代,Reduces super-effective damage to 0.75×.
233,ブレインフォース,neuroforce,第七世代,Increases super-effective damage dealt to 1.25×.
234,ふとうのけん,intrepid-sword,第八世代,Boosts Attack in battle.
235,ふくつのたて,dauntless-shield,第八世代,Boosts Defense in battle.
236,リベロ,libero,第八世代,Libero changes the Pokémon's type to that of its previously used attack.
237,たまひろい,ball-fetch,第八世代,"If the Pokémon is not holding an item, it will fetch the Poké Ball from the first failed throw of the battle."
238,わたげ,cotton-down,第八世代,When Ignores moves and abilities that draw in moves.
239,スクリューおびれ,propeller-tail,第八世代,Ignores moves and abilities that draw in moves.
240,ミラーアーマー,mirror-armor,第八世代,Reflects any stat-lowering effects.
241,うのミサイル,gulp-missile,第八世代,"If a Cramorant with Gulp Missile uses Surf or Dive, it catches prey and changes its form depending on its remaining HP."
242,すじがねいり,stalwart,第八世代,Ignores moves and abilities that draw in moves.
243,じょうききかん,steam-engine,第八世代,Boosts the Speed stat drastically when the Pokémon is hit by a Fire- or Water-type move.
244,パンクロック,punk-rock,第八世代,Boosts sound-based moves and halves damage from the same moves.
245,すなはき,sand-spit,第八世代,Creates a sandstorm when hit by an attack.
246,こおりのりんぷん,ice-scales,第八世代,Halves damage from Special moves.
247,じゅくせい,ripen,第八世代,Doubles the effect of berries.
248,アイスフェイス,ice-face,第八世代,"The Pokémon’s ice head can take a physical attack as a substitute, but the attack also changes the Pokémon’s appearance. The ice will be restored when it snows."
249,パワースポット,power-spot,第八世代,Just being next to the Pokémon powers up moves.
250,ぎたい,mimicry,第八世代,Changes type depending on the terrain.
251,バリアフリー,screen-cleaner,第八世代,"Nullifies effects of Light Screen, Reflect, and Aurora Veil."
252,はがねのせいしん,steely-spirit,第八世代,Powers up ally Pokémon's Steel-type moves.
253,ほろびのボディ,perish-body,第八世代,"When hit by a move that makes direct contact, the Pokémon and the attacker will faint after three turns unless they switch out of battle."
254,さまようたましい,wandering-spirit,第八世代,Swaps abilities with opponents on contact.
255,ごりむちゅう,gorilla-tactics,第八世代,Boosts the Pokémon's Attack stat but only allows the use of the first selected move.
256,かがくへんかガス,neutralizing-gas,第八世代,Neutralizes abilities of all Pokémon in battle.
257,パステルベール,pastel-veil,第八世代,Prevents the Pokémon and its allies from being poisoned.
258,はらぺこスイッチ,hunger-switch,第八世代,"Causes Morpeko to change its form each turn, alternating between Full Belly Mode and Hangry Mode"
259,クイックドロウ,quick-draw,第八世代,Enables the Pokémon to move first occasionally.
260,ふかしのこぶし,unseen-fist,第八世代,Contact moves can strike through Protect/Detect.
261,きみょうなくすり,curious-medicine,第八世代,Resets all stat changes upon entering battlefield.
262,トランジスタ,transistor,第八世代,Powers up Electric-type moves.
263,りゅうのあぎと,dragons-maw,第八世代,Powers up Dragon-type moves.
264,しろのいななき,chilling-neigh,第八世代,Boosts Attack after knocking out a Pokémon.
265,くろのいななき,grim-neigh,第八世代,Boosts Special Attack after knocking out a Pokémon.
266,じんばいったい,as-one-glastrier,第八世代,
267,じんばいったい,as-one-spectrier,第八世代,
268,とれないにおい,lingering-aroma,第九世代,Contact changes the attacker's Ability to Lingering Aroma.
269,こぼれダネ,seed-sower,第九世代,Turns the ground into Grassy Terrain when the Pokémon is hit by an attack.
270,ねつこうかん,thermal-exchange,第九世代,Raises Attack when hit by a Fire-type move. Cannot be burned.
271,いかりのこうら,anger-shell,第九世代,"When the Pokémon's HP drops below half, Anger Shell lowers its Defense and Special Defense but its Attack, Special Attack and Speed are raised."
272,きよめのしお,purifying-salt,第九世代,Protects from status conditions and halves damage from Ghost-type moves.
273,こんがりボディ,well-baked-body,第九世代,"Immune to Fire-type moves, and Defense is sharply boosted."
274,かぜのり,wind-rider,第九世代,"Gives immunity to wind moves, and causes the Pokémon's Attack to increase by one stage when hit by one."
275,ばんけん,guard-dog,第九世代,"Boosts Attack if intimidated, and prevents being forced to switch out."
276,いわはこび,rocky-payload,第九世代,Powers up Rock-type moves.
277,ふうりょくでんき,wind-power,第九世代,"When hit by a wind move, the power of the next Electric-type move it uses is doubled."
278,マイティチェンジ,zero-to-hero,第九世代,Transforms into its Hero Form when switching out.
279,しれいとう,commander,第九世代,Goes inside the mouth of an ally Dondozo if one is on the field.
280,でんきにかえる,electromorphosis,第九世代,"When hit by an attack, the power of the next Electric-type move it uses is doubled."
281,こだいかっせい,protosynthesis,第九世代,"Raises highest stat in harsh sunlight, or if holding Booster Energy."
282,クォークチャージ,quark-drive,第九世代,"Raises highest stat on Electric Terrain, or if holding Booster Energy."
283,おうごんのからだ,good-as-gold,第九世代,Gives immunity to status moves.
284,わざわいのうつわ,vessel-of-ruin,第九世代,Lowers Special Attack of all Pokémon except itself.
285,わざわいのつるぎ,sword-of-ruin,第九世代,Lowers Defense of all Pokémon except itself.
286,わざわいのおふだ,tablets-of-ruin,第九世代,Lowers Attack of all Pokémon except itself.
287,わざわいのたま,beads-of-ruin,第九世代,Lowers Special Defense of all Pokémon except itself.
288,ひひいろのこどう,orichalcum-pulse,第九世代,"Turns the sunlight harsh when entering battle, and boosts Attack while active."
289,ハドロンエンジン,hadron-engine,第九世代,"Creates an Electric Terrain when entering battle, and boosts Special Attack while active."
290,びんじょう,opportunist,第九世代,Copies stat boosts by the opponent.
291,はんすう,cud-chew,第九世代,Causes the Pokémon to reuse an already consumed Berry at the end of the next turn.
292,きれあじ,sharpness,第九世代,Powers up slicing moves.
293,そうだいしょう,supreme-overlord,第九世代,Attack and Special Attack are boosted for each party Pokémon that has been defeated.
294,きょうえん,costar,第九世代,Copies ally's stat changes on entering battle.
295,どくげしょう,toxic-debris,第九世代,Scatters poison spikes at the feet of the opposing team when the Pokémon takes damage from physical moves.
296,テイルアーマー,armor-tail,第九世代,"Prevents the opponent from using any moves that have priority, such as Quick Attack."
297,どしょく,earth-eater,第九世代,Restores HP when hit by a Ground-type move.
298,きんしのちから,mycelium-might,第九世代,"Status moves go last, but are not affected by the opponent's ability."
299,しんがん,minds-eye,第九世代,"The Pokémon ignores changes to opponents' evasiveness, its accuracy can't be lowered, and it can hit Ghost types with Normal- and Fighting-type moves."
300,かんろなミツ,supersweet-syrup,第九世代,"Once per battle, when a Pokémon with Supersweet Syrup enters the battle, it lowers the evasion stat of all adjacent opponents by one stage. "
301,おもてなし,hospitality,第九世代,"When a Pokémon with Hospitality enters a battle, it restores HP for an ally by 25%."
302,どくのくさり,toxic-chain,第九世代,May cause bad poisoning when the Pokémon hits an opponent with a move.
303,おもかげやどし,embody-aspect,第九世代,"Embody Aspect boosts a particular stat, depending on the form of a Terastallized Ogerpon"
304,テラスチェンジ,tera-shift,第九世代,"When Terapagos enters the battle, it turns into its Terastal Form until the end of the battle. "
305,テラスシェル,tera-shell,第九世代,All damage-dealing moves that hit the Pokémon when its HP is full will not be very effective.
306,ゼロフォーミング,teraform-zero,第九世代,"As soon as Terapagos assumes its Stellar Form, it will immediately neutralize weather and terrain effects. "
307,どくくぐつ,poison-puppeteer,第九世代,Pokémon poisoned by Pecharunt's moves will also become confused.
308,かんつうドリル,piercing-drill,第九世代,"When the Pokémon uses contact moves, it can hit even targets that are protecting themselves."
309,ドラゴンスキン,dragonize,第九世代,The Pokémon's Normal-type moves become Dragon-type moves and their power is boosted by 20%.
310,メガソーラー,mega-sol,第九世代,The Pokémon can use its moves as if the weather were harsh sunlight.
311,とびだすハバネロ,spicy-spray,第九世代,"When the Pokémon takes damage from a move, it burns the attacker."
10001,,mountaineer,第五世代,
10002,,wave-rider,第五世代,
10003,,skater,第五世代,
10004,,thrust,第五世代,
10005,,perception,第五世代,
10006,,parry,第五世代,
10007,,instinct,第五世代,
10008,,dodge,第五世代,
10009,,jagged-edge,第五世代,
10010,,frostbite,第五世代,
10011,,tenacity,第五世代,
10012,,pride,第五世代,
10013,,deep-sleep,第五世代,
10014,,power-nap,第五世代,
10015,,spirit,第五世代,
10016,,warm-blanket,第五世代,
10017,,gulp,第五世代,
10018,,herbivore,第五世代,
10019,,sandpit,第五世代,
10020,,hot-blooded,第五世代,
10021,,medic,第五世代,
10022,,life-force,第五世代,
10023,,lunchbox,第五世代,
10024,,nurse,第五世代,
10025,,melee,第五世代,
10026,,sponge,第五世代,
10027,,bodyguard,第五世代,
10028,,hero,第五世代,
10029,,last-bastion,第五世代,
10030,,stealth,第五世代,
10031,,vanguard,第五世代,
10032,,nomad,第五世代,
10033,,sequence,第五世代,
10034,,grass-cloak,第五世代,
10035,,celebrate,第五世代,
10036,,lullaby,第五世代,
10037,,calming,第五世代,
10038,,daze,第五世代,
10039,,frighten,第五世代,
10040,,interference,第五世代,
10041,,mood-maker,第五世代,
10042,,confidence,第五世代,
10043,,fortune,第五世代,
10044,,bonanza,第五世代,
10045,,explode,第五世代,
10046,,omnipotent,第五世代,
10047,,share,第五世代,
10048,,black-hole,第五世代,
10049,,shadow-dash,第五世代,
10050,,sprint,第五世代,
10051,,disgust,第五世代,
10052,,high-rise,第五世代,
10053,,climber,第五世代,
10054,,flame-boost,第五世代,
10055,,aqua-boost,第五世代,
10056,,run-up,第五世代,
10057,,conqueror,第五世代,
10058,,shackle,第五世代,
10059,,decoy,第五世代,
10060,,shield,第五世代,
